date,value,unit,source,frequency,notes
2000-01-01,1680.28,USD per metric ton,World Bank Pink Sheet (live download),Monthly,"LME aluminum spot price, standard grade"
2000-02-01,1670.27,USD per metric ton,World Bank Pink Sheet (live download),Monthly,"LME aluminum spot price, standard grade"
2000-03-01,1577.05,USD per metric ton,World Bank Pink Sheet (live download),Monthly,"LME aluminum spot price, standard grade"
2000-04-01,1457.14,USD per metric ton,World Bank Pink Sheet (live download),Monthly,"LME aluminum spot price, standard grade"
2000-05-01,1466.79,USD per metric ton,World Bank Pink Sheet (live download),Monthly,"LME aluminum spot price, standard grade"
2000-06-01,1506.31,USD per metric ton,World Bank Pink Sheet (live download),Monthly,"LME aluminum spot price, standard grade"
2000-07-01,1563.5,USD per metric ton,World Bank Pink Sheet (live download),Monthly,"LME aluminum spot price, standard grade"
2000-08-01,1527.63,USD per metric ton,World Bank Pink Sheet (live download),Monthly,"LME aluminum spot price, standard grade"
2000-09-01,1601.21,USD per metric ton,World Bank Pink Sheet (live download),Monthly,"LME aluminum spot price, standard grade"
2000-10-01,1500.24,USD per metric ton,World Bank Pink Sheet (live download),Monthly,"LME aluminum spot price, standard grade"
2000-11-01,1473.86,USD per metric ton,World Bank Pink Sheet (live download),Monthly,"LME aluminum spot price, standard grade"
2000-12-01,1565.41,USD per metric ton,World Bank Pink Sheet (live download),Monthly,"LME aluminum spot price, standard grade"
2001-01-01,1615.65,USD per metric ton,World Bank Pink Sheet (live download),Monthly,"LME aluminum spot price, standard grade"
2001-02-01,1604.36,USD per metric ton,World Bank Pink Sheet (live download),Monthly,"LME aluminum spot price, standard grade"
2001-03-01,1509.17,USD per metric ton,World Bank Pink Sheet (live download),Monthly,"LME aluminum spot price, standard grade"
2001-04-01,1496.91,USD per metric ton,World Bank Pink Sheet (live download),Monthly,"LME aluminum spot price, standard grade"
2001-05-01,1538.77,USD per metric ton,World Bank Pink Sheet (live download),Monthly,"LME aluminum spot price, standard grade"
2001-06-01,1466.13,USD per metric ton,World Bank Pink Sheet (live download),Monthly,"LME aluminum spot price, standard grade"
2001-07-01,1416.39,USD per metric ton,World Bank Pink Sheet (live download),Monthly,"LME aluminum spot price, standard grade"
2001-08-01,1377.08,USD per metric ton,World Bank Pink Sheet (live download),Monthly,"LME aluminum spot price, standard grade"
2001-09-01,1344.56,USD per metric ton,World Bank Pink Sheet (live download),Monthly,"LME aluminum spot price, standard grade"
2001-10-01,1282.5,USD per metric ton,World Bank Pink Sheet (live download),Monthly,"LME aluminum spot price, standard grade"
2001-11-01,1327.46,USD per metric ton,World Bank Pink Sheet (live download),Monthly,"LME aluminum spot price, standard grade"
2001-12-01,1344.63,USD per metric ton,World Bank Pink Sheet (live download),Monthly,"LME aluminum spot price, standard grade"
2002-01-01,1368.59,USD per metric ton,World Bank Pink Sheet (live download),Monthly,"LME aluminum spot price, standard grade"
2002-02-01,1369.34,USD per metric ton,World Bank Pink Sheet (live download),Monthly,"LME aluminum spot price, standard grade"
2002-03-01,1405.0,USD per metric ton,World Bank Pink Sheet (live download),Monthly,"LME aluminum spot price, standard grade"
2002-04-01,1369.99,USD per metric ton,World Bank Pink Sheet (live download),Monthly,"LME aluminum spot price, standard grade"
2002-05-01,1343.3,USD per metric ton,World Bank Pink Sheet (live download),Monthly,"LME aluminum spot price, standard grade"
2002-06-01,1353.97,USD per metric ton,World Bank Pink Sheet (live download),Monthly,"LME aluminum spot price, standard grade"
2002-07-01,1338.09,USD per metric ton,World Bank Pink Sheet (live download),Monthly,"LME aluminum spot price, standard grade"
2002-08-01,1291.6,USD per metric ton,World Bank Pink Sheet (live download),Monthly,"LME aluminum spot price, standard grade"
2002-09-01,1301.25,USD per metric ton,World Bank Pink Sheet (live download),Monthly,"LME aluminum spot price, standard grade"
2002-10-01,1310.58,USD per metric ton,World Bank Pink Sheet (live download),Monthly,"LME aluminum spot price, standard grade"
2002-11-01,1372.2,USD per metric ton,World Bank Pink Sheet (live download),Monthly,"LME aluminum spot price, standard grade"
2002-12-01,1375.07,USD per metric ton,World Bank Pink Sheet (live download),Monthly,"LME aluminum spot price, standard grade"
2003-01-01,1378.28,USD per metric ton,World Bank Pink Sheet (live download),Monthly,"LME aluminum spot price, standard grade"
2003-02-01,1422.16,USD per metric ton,World Bank Pink Sheet (live download),Monthly,"LME aluminum spot price, standard grade"
2003-03-01,1389.27,USD per metric ton,World Bank Pink Sheet (live download),Monthly,"LME aluminum spot price, standard grade"
2003-04-01,1332.01,USD per metric ton,World Bank Pink Sheet (live download),Monthly,"LME aluminum spot price, standard grade"
2003-05-01,1398.49,USD per metric ton,World Bank Pink Sheet (live download),Monthly,"LME aluminum spot price, standard grade"
2003-06-01,1409.84,USD per metric ton,World Bank Pink Sheet (live download),Monthly,"LME aluminum spot price, standard grade"
2003-07-01,1436.09,USD per metric ton,World Bank Pink Sheet (live download),Monthly,"LME aluminum spot price, standard grade"
2003-08-01,1456.31,USD per metric ton,World Bank Pink Sheet (live download),Monthly,"LME aluminum spot price, standard grade"
2003-09-01,1415.57,USD per metric ton,World Bank Pink Sheet (live download),Monthly,"LME aluminum spot price, standard grade"
2003-10-01,1474.25,USD per metric ton,World Bank Pink Sheet (live download),Monthly,"LME aluminum spot price, standard grade"
2003-11-01,1508.34,USD per metric ton,World Bank Pink Sheet (live download),Monthly,"LME aluminum spot price, standard grade"
2003-12-01,1554.9,USD per metric ton,World Bank Pink Sheet (live download),Monthly,"LME aluminum spot price, standard grade"
2004-01-01,1606.49,USD per metric ton,World Bank Pink Sheet (live download),Monthly,"LME aluminum spot price, standard grade"
2004-02-01,1685.62,USD per metric ton,World Bank Pink Sheet (live download),Monthly,"LME aluminum spot price, standard grade"
2004-03-01,1655.99,USD per metric ton,World Bank Pink Sheet (live download),Monthly,"LME aluminum spot price, standard grade"
2004-04-01,1729.74,USD per metric ton,World Bank Pink Sheet (live download),Monthly,"LME aluminum spot price, standard grade"
2004-05-01,1623.22,USD per metric ton,World Bank Pink Sheet (live download),Monthly,"LME aluminum spot price, standard grade"
2004-06-01,1677.72,USD per metric ton,World Bank Pink Sheet (live download),Monthly,"LME aluminum spot price, standard grade"
2004-07-01,1709.27,USD per metric ton,World Bank Pink Sheet (live download),Monthly,"LME aluminum spot price, standard grade"
2004-08-01,1692.19,USD per metric ton,World Bank Pink Sheet (live download),Monthly,"LME aluminum spot price, standard grade"
2004-09-01,1723.6,USD per metric ton,World Bank Pink Sheet (live download),Monthly,"LME aluminum spot price, standard grade"
2004-10-01,1819.57,USD per metric ton,World Bank Pink Sheet (live download),Monthly,"LME aluminum spot price, standard grade"
2004-11-01,1813.9,USD per metric ton,World Bank Pink Sheet (live download),Monthly,"LME aluminum spot price, standard grade"
2004-12-01,1849.18,USD per metric ton,World Bank Pink Sheet (live download),Monthly,"LME aluminum spot price, standard grade"
2005-01-01,1834.42,USD per metric ton,World Bank Pink Sheet (live download),Monthly,"LME aluminum spot price, standard grade"
2005-02-01,1882.85,USD per metric ton,World Bank Pink Sheet (live download),Monthly,"LME aluminum spot price, standard grade"
2005-03-01,1979.85,USD per metric ton,World Bank Pink Sheet (live download),Monthly,"LME aluminum spot price, standard grade"
2005-04-01,1894.29,USD per metric ton,World Bank Pink Sheet (live download),Monthly,"LME aluminum spot price, standard grade"
2005-05-01,1743.7,USD per metric ton,World Bank Pink Sheet (live download),Monthly,"LME aluminum spot price, standard grade"
2005-06-01,1731.3,USD per metric ton,World Bank Pink Sheet (live download),Monthly,"LME aluminum spot price, standard grade"
2005-07-01,1778.79,USD per metric ton,World Bank Pink Sheet (live download),Monthly,"LME aluminum spot price, standard grade"
2005-08-01,1867.84,USD per metric ton,World Bank Pink Sheet (live download),Monthly,"LME aluminum spot price, standard grade"
2005-09-01,1839.91,USD per metric ton,World Bank Pink Sheet (live download),Monthly,"LME aluminum spot price, standard grade"
2005-10-01,1928.71,USD per metric ton,World Bank Pink Sheet (live download),Monthly,"LME aluminum spot price, standard grade"
2005-11-01,2050.59,USD per metric ton,World Bank Pink Sheet (live download),Monthly,"LME aluminum spot price, standard grade"
2005-12-01,2247.45,USD per metric ton,World Bank Pink Sheet (live download),Monthly,"LME aluminum spot price, standard grade"
2006-01-01,2377.86,USD per metric ton,World Bank Pink Sheet (live download),Monthly,"LME aluminum spot price, standard grade"
2006-02-01,2455.32,USD per metric ton,World Bank Pink Sheet (live download),Monthly,"LME aluminum spot price, standard grade"
2006-03-01,2429.13,USD per metric ton,World Bank Pink Sheet (live download),Monthly,"LME aluminum spot price, standard grade"
2006-04-01,2621.11,USD per metric ton,World Bank Pink Sheet (live download),Monthly,"LME aluminum spot price, standard grade"
2006-05-01,2861.48,USD per metric ton,World Bank Pink Sheet (live download),Monthly,"LME aluminum spot price, standard grade"
2006-06-01,2477.34,USD per metric ton,World Bank Pink Sheet (live download),Monthly,"LME aluminum spot price, standard grade"
2006-07-01,2512.71,USD per metric ton,World Bank Pink Sheet (live download),Monthly,"LME aluminum spot price, standard grade"
2006-08-01,2459.93,USD per metric ton,World Bank Pink Sheet (live download),Monthly,"LME aluminum spot price, standard grade"
2006-09-01,2472.88,USD per metric ton,World Bank Pink Sheet (live download),Monthly,"LME aluminum spot price, standard grade"
2006-10-01,2654.59,USD per metric ton,World Bank Pink Sheet (live download),Monthly,"LME aluminum spot price, standard grade"
2006-11-01,2702.8,USD per metric ton,World Bank Pink Sheet (live download),Monthly,"LME aluminum spot price, standard grade"
2006-12-01,2813.63,USD per metric ton,World Bank Pink Sheet (live download),Monthly,"LME aluminum spot price, standard grade"
2007-01-01,2809.34,USD per metric ton,World Bank Pink Sheet (live download),Monthly,"LME aluminum spot price, standard grade"
2007-02-01,2832.2,USD per metric ton,World Bank Pink Sheet (live download),Monthly,"LME aluminum spot price, standard grade"
2007-03-01,2761.73,USD per metric ton,World Bank Pink Sheet (live download),Monthly,"LME aluminum spot price, standard grade"
2007-04-01,2814.79,USD per metric ton,World Bank Pink Sheet (live download),Monthly,"LME aluminum spot price, standard grade"
2007-05-01,2792.75,USD per metric ton,World Bank Pink Sheet (live download),Monthly,"LME aluminum spot price, standard grade"
2007-06-01,2676.93,USD per metric ton,World Bank Pink Sheet (live download),Monthly,"LME aluminum spot price, standard grade"
2007-07-01,2732.44,USD per metric ton,World Bank Pink Sheet (live download),Monthly,"LME aluminum spot price, standard grade"
2007-08-01,2515.77,USD per metric ton,World Bank Pink Sheet (live download),Monthly,"LME aluminum spot price, standard grade"
2007-09-01,2391.25,USD per metric ton,World Bank Pink Sheet (live download),Monthly,"LME aluminum spot price, standard grade"
2007-10-01,2442.37,USD per metric ton,World Bank Pink Sheet (live download),Monthly,"LME aluminum spot price, standard grade"
2007-11-01,2506.89,USD per metric ton,World Bank Pink Sheet (live download),Monthly,"LME aluminum spot price, standard grade"
2007-12-01,2381.69,USD per metric ton,World Bank Pink Sheet (live download),Monthly,"LME aluminum spot price, standard grade"
2008-01-01,2445.52,USD per metric ton,World Bank Pink Sheet (live download),Monthly,"LME aluminum spot price, standard grade"
2008-02-01,2776.93,USD per metric ton,World Bank Pink Sheet (live download),Monthly,"LME aluminum spot price, standard grade"
2008-03-01,3005.29,USD per metric ton,World Bank Pink Sheet (live download),Monthly,"LME aluminum spot price, standard grade"
2008-04-01,2959.27,USD per metric ton,World Bank Pink Sheet (live download),Monthly,"LME aluminum spot price, standard grade"
2008-05-01,2902.9,USD per metric ton,World Bank Pink Sheet (live download),Monthly,"LME aluminum spot price, standard grade"
2008-06-01,2957.86,USD per metric ton,World Bank Pink Sheet (live download),Monthly,"LME aluminum spot price, standard grade"
2008-07-01,3071.24,USD per metric ton,World Bank Pink Sheet (live download),Monthly,"LME aluminum spot price, standard grade"
2008-08-01,2764.38,USD per metric ton,World Bank Pink Sheet (live download),Monthly,"LME aluminum spot price, standard grade"
2008-09-01,2525.82,USD per metric ton,World Bank Pink Sheet (live download),Monthly,"LME aluminum spot price, standard grade"
2008-10-01,2121.41,USD per metric ton,World Bank Pink Sheet (live download),Monthly,"LME aluminum spot price, standard grade"
2008-11-01,1852.42,USD per metric ton,World Bank Pink Sheet (live download),Monthly,"LME aluminum spot price, standard grade"
2008-12-01,1490.43,USD per metric ton,World Bank Pink Sheet (live download),Monthly,"LME aluminum spot price, standard grade"
2009-01-01,1413.12,USD per metric ton,World Bank Pink Sheet (live download),Monthly,"LME aluminum spot price, standard grade"
2009-02-01,1330.2,USD per metric ton,World Bank Pink Sheet (live download),Monthly,"LME aluminum spot price, standard grade"
2009-03-01,1335.84,USD per metric ton,World Bank Pink Sheet (live download),Monthly,"LME aluminum spot price, standard grade"
2009-04-01,1420.85,USD per metric ton,World Bank Pink Sheet (live download),Monthly,"LME aluminum spot price, standard grade"
2009-05-01,1460.45,USD per metric ton,World Bank Pink Sheet (live download),Monthly,"LME aluminum spot price, standard grade"
2009-06-01,1573.73,USD per metric ton,World Bank Pink Sheet (live download),Monthly,"LME aluminum spot price, standard grade"
2009-07-01,1667.96,USD per metric ton,World Bank Pink Sheet (live download),Monthly,"LME aluminum spot price, standard grade"
2009-08-01,1933.75,USD per metric ton,World Bank Pink Sheet (live download),Monthly,"LME aluminum spot price, standard grade"
2009-09-01,1834.11,USD per metric ton,World Bank Pink Sheet (live download),Monthly,"LME aluminum spot price, standard grade"
2009-10-01,1878.57,USD per metric ton,World Bank Pink Sheet (live download),Monthly,"LME aluminum spot price, standard grade"
2009-11-01,1949.29,USD per metric ton,World Bank Pink Sheet (live download),Monthly,"LME aluminum spot price, standard grade"
2009-12-01,2180.09,USD per metric ton,World Bank Pink Sheet (live download),Monthly,"LME aluminum spot price, standard grade"
2010-01-01,2235.15,USD per metric ton,World Bank Pink Sheet (live download),Monthly,"LME aluminum spot price, standard grade"
2010-02-01,2048.93,USD per metric ton,World Bank Pink Sheet (live download),Monthly,"LME aluminum spot price, standard grade"
2010-03-01,2205.63,USD per metric ton,World Bank Pink Sheet (live download),Monthly,"LME aluminum spot price, standard grade"
2010-04-01,2316.72,USD per metric ton,World Bank Pink Sheet (live download),Monthly,"LME aluminum spot price, standard grade"
2010-05-01,2040.53,USD per metric ton,World Bank Pink Sheet (live download),Monthly,"LME aluminum spot price, standard grade"
2010-06-01,1931.39,USD per metric ton,World Bank Pink Sheet (live download),Monthly,"LME aluminum spot price, standard grade"
2010-07-01,1988.27,USD per metric ton,World Bank Pink Sheet (live download),Monthly,"LME aluminum spot price, standard grade"
2010-08-01,2118.14,USD per metric ton,World Bank Pink Sheet (live download),Monthly,"LME aluminum spot price, standard grade"
2010-09-01,2162.34,USD per metric ton,World Bank Pink Sheet (live download),Monthly,"LME aluminum spot price, standard grade"
2010-10-01,2346.57,USD per metric ton,World Bank Pink Sheet (live download),Monthly,"LME aluminum spot price, standard grade"
2010-11-01,2333.07,USD per metric ton,World Bank Pink Sheet (live download),Monthly,"LME aluminum spot price, standard grade"
2010-12-01,2350.67,USD per metric ton,World Bank Pink Sheet (live download),Monthly,"LME aluminum spot price, standard grade"
2011-01-01,2439.52,USD per metric ton,World Bank Pink Sheet (live download),Monthly,"LME aluminum spot price, standard grade"
2011-02-01,2508.18,USD per metric ton,World Bank Pink Sheet (live download),Monthly,"LME aluminum spot price, standard grade"
2011-03-01,2555.5,USD per metric ton,World Bank Pink Sheet (live download),Monthly,"LME aluminum spot price, standard grade"
2011-04-01,2678.11,USD per metric ton,World Bank Pink Sheet (live download),Monthly,"LME aluminum spot price, standard grade"
2011-05-01,2596.45,USD per metric ton,World Bank Pink Sheet (live download),Monthly,"LME aluminum spot price, standard grade"
2011-06-01,2557.76,USD per metric ton,World Bank Pink Sheet (live download),Monthly,"LME aluminum spot price, standard grade"
2011-07-01,2525.43,USD per metric ton,World Bank Pink Sheet (live download),Monthly,"LME aluminum spot price, standard grade"
2011-08-01,2379.35,USD per metric ton,World Bank Pink Sheet (live download),Monthly,"LME aluminum spot price, standard grade"
2011-09-01,2293.46,USD per metric ton,World Bank Pink Sheet (live download),Monthly,"LME aluminum spot price, standard grade"
2011-10-01,2180.65,USD per metric ton,World Bank Pink Sheet (live download),Monthly,"LME aluminum spot price, standard grade"
2011-11-01,2079.98,USD per metric ton,World Bank Pink Sheet (live download),Monthly,"LME aluminum spot price, standard grade"
2011-12-01,2022.25,USD per metric ton,World Bank Pink Sheet (live download),Monthly,"LME aluminum spot price, standard grade"
2012-01-01,2144.2,USD per metric ton,World Bank Pink Sheet (live download),Monthly,"LME aluminum spot price, standard grade"
2012-02-01,2207.92,USD per metric ton,World Bank Pink Sheet (live download),Monthly,"LME aluminum spot price, standard grade"
2012-03-01,2184.16,USD per metric ton,World Bank Pink Sheet (live download),Monthly,"LME aluminum spot price, standard grade"
2012-04-01,2049.67,USD per metric ton,World Bank Pink Sheet (live download),Monthly,"LME aluminum spot price, standard grade"
2012-05-01,2007.63,USD per metric ton,World Bank Pink Sheet (live download),Monthly,"LME aluminum spot price, standard grade"
2012-06-01,1890.18,USD per metric ton,World Bank Pink Sheet (live download),Monthly,"LME aluminum spot price, standard grade"
2012-07-01,1876.25,USD per metric ton,World Bank Pink Sheet (live download),Monthly,"LME aluminum spot price, standard grade"
2012-08-01,1845.38,USD per metric ton,World Bank Pink Sheet (live download),Monthly,"LME aluminum spot price, standard grade"
2012-09-01,2064.12,USD per metric ton,World Bank Pink Sheet (live download),Monthly,"LME aluminum spot price, standard grade"
2012-10-01,1974.3,USD per metric ton,World Bank Pink Sheet (live download),Monthly,"LME aluminum spot price, standard grade"
2012-11-01,1948.83,USD per metric ton,World Bank Pink Sheet (live download),Monthly,"LME aluminum spot price, standard grade"
2012-12-01,2086.76,USD per metric ton,World Bank Pink Sheet (live download),Monthly,"LME aluminum spot price, standard grade"
2013-01-01,2037.75,USD per metric ton,World Bank Pink Sheet (live download),Monthly,"LME aluminum spot price, standard grade"
2013-02-01,2053.59,USD per metric ton,World Bank Pink Sheet (live download),Monthly,"LME aluminum spot price, standard grade"
2013-03-01,1909.57,USD per metric ton,World Bank Pink Sheet (live download),Monthly,"LME aluminum spot price, standard grade"
2013-04-01,1861.67,USD per metric ton,World Bank Pink Sheet (live download),Monthly,"LME aluminum spot price, standard grade"
2013-05-01,1832.02,USD per metric ton,World Bank Pink Sheet (live download),Monthly,"LME aluminum spot price, standard grade"
2013-06-01,1814.54,USD per metric ton,World Bank Pink Sheet (live download),Monthly,"LME aluminum spot price, standard grade"
2013-07-01,1769.61,USD per metric ton,World Bank Pink Sheet (live download),Monthly,"LME aluminum spot price, standard grade"
2013-08-01,1817.62,USD per metric ton,World Bank Pink Sheet (live download),Monthly,"LME aluminum spot price, standard grade"
2013-09-01,1761.3,USD per metric ton,World Bank Pink Sheet (live download),Monthly,"LME aluminum spot price, standard grade"
2013-10-01,1814.58,USD per metric ton,World Bank Pink Sheet (live download),Monthly,"LME aluminum spot price, standard grade"
2013-11-01,1747.96,USD per metric ton,World Bank Pink Sheet (live download),Monthly,"LME aluminum spot price, standard grade"
2013-12-01,1739.81,USD per metric ton,World Bank Pink Sheet (live download),Monthly,"LME aluminum spot price, standard grade"
2014-01-01,1727.41,USD per metric ton,World Bank Pink Sheet (live download),Monthly,"LME aluminum spot price, standard grade"
2014-02-01,1695.17,USD per metric ton,World Bank Pink Sheet (live download),Monthly,"LME aluminum spot price, standard grade"
2014-03-01,1705.37,USD per metric ton,World Bank Pink Sheet (live download),Monthly,"LME aluminum spot price, standard grade"
2014-04-01,1810.67,USD per metric ton,World Bank Pink Sheet (live download),Monthly,"LME aluminum spot price, standard grade"
2014-05-01,1751.05,USD per metric ton,World Bank Pink Sheet (live download),Monthly,"LME aluminum spot price, standard grade"
2014-06-01,1838.95,USD per metric ton,World Bank Pink Sheet (live download),Monthly,"LME aluminum spot price, standard grade"
2014-07-01,1948.3,USD per metric ton,World Bank Pink Sheet (live download),Monthly,"LME aluminum spot price, standard grade"
2014-08-01,2030.49,USD per metric ton,World Bank Pink Sheet (live download),Monthly,"LME aluminum spot price, standard grade"
2014-09-01,1990.43,USD per metric ton,World Bank Pink Sheet (live download),Monthly,"LME aluminum spot price, standard grade"
2014-10-01,1946.19,USD per metric ton,World Bank Pink Sheet (live download),Monthly,"LME aluminum spot price, standard grade"
2014-11-01,2055.55,USD per metric ton,World Bank Pink Sheet (live download),Monthly,"LME aluminum spot price, standard grade"
2014-12-01,1909.46,USD per metric ton,World Bank Pink Sheet (live download),Monthly,"LME aluminum spot price, standard grade"
2015-01-01,1814.72,USD per metric ton,World Bank Pink Sheet (live download),Monthly,"LME aluminum spot price, standard grade"
2015-02-01,1817.82,USD per metric ton,World Bank Pink Sheet (live download),Monthly,"LME aluminum spot price, standard grade"
2015-03-01,1773.86,USD per metric ton,World Bank Pink Sheet (live download),Monthly,"LME aluminum spot price, standard grade"
2015-04-01,1819.19,USD per metric ton,World Bank Pink Sheet (live download),Monthly,"LME aluminum spot price, standard grade"
2015-05-01,1804.04,USD per metric ton,World Bank Pink Sheet (live download),Monthly,"LME aluminum spot price, standard grade"
2015-06-01,1687.73,USD per metric ton,World Bank Pink Sheet (live download),Monthly,"LME aluminum spot price, standard grade"
2015-07-01,1639.5,USD per metric ton,World Bank Pink Sheet (live download),Monthly,"LME aluminum spot price, standard grade"
2015-08-01,1548.13,USD per metric ton,World Bank Pink Sheet (live download),Monthly,"LME aluminum spot price, standard grade"
2015-09-01,1589.6,USD per metric ton,World Bank Pink Sheet (live download),Monthly,"LME aluminum spot price, standard grade"
2015-10-01,1516.49,USD per metric ton,World Bank Pink Sheet (live download),Monthly,"LME aluminum spot price, standard grade"
2015-11-01,1467.89,USD per metric ton,World Bank Pink Sheet (live download),Monthly,"LME aluminum spot price, standard grade"
2015-12-01,1497.2,USD per metric ton,World Bank Pink Sheet (live download),Monthly,"LME aluminum spot price, standard grade"
2016-01-01,1481.1,USD per metric ton,World Bank Pink Sheet (live download),Monthly,"LME aluminum spot price, standard grade"
2016-02-01,1531.26,USD per metric ton,World Bank Pink Sheet (live download),Monthly,"LME aluminum spot price, standard grade"
2016-03-01,1531.01,USD per metric ton,World Bank Pink Sheet (live download),Monthly,"LME aluminum spot price, standard grade"
2016-04-01,1571.23,USD per metric ton,World Bank Pink Sheet (live download),Monthly,"LME aluminum spot price, standard grade"
2016-05-01,1550.63,USD per metric ton,World Bank Pink Sheet (live download),Monthly,"LME aluminum spot price, standard grade"
2016-06-01,1593.51,USD per metric ton,World Bank Pink Sheet (live download),Monthly,"LME aluminum spot price, standard grade"
2016-07-01,1629.05,USD per metric ton,World Bank Pink Sheet (live download),Monthly,"LME aluminum spot price, standard grade"
2016-08-01,1639.28,USD per metric ton,World Bank Pink Sheet (live download),Monthly,"LME aluminum spot price, standard grade"
2016-09-01,1592.36,USD per metric ton,World Bank Pink Sheet (live download),Monthly,"LME aluminum spot price, standard grade"
2016-10-01,1665.9,USD per metric ton,World Bank Pink Sheet (live download),Monthly,"LME aluminum spot price, standard grade"
2016-11-01,1737.11,USD per metric ton,World Bank Pink Sheet (live download),Monthly,"LME aluminum spot price, standard grade"
2016-12-01,1727.74,USD per metric ton,World Bank Pink Sheet (live download),Monthly,"LME aluminum spot price, standard grade"
2017-01-01,1791.24,USD per metric ton,World Bank Pink Sheet (live download),Monthly,"LME aluminum spot price, standard grade"
2017-02-01,1860.75,USD per metric ton,World Bank Pink Sheet (live download),Monthly,"LME aluminum spot price, standard grade"
2017-03-01,1901.47,USD per metric ton,World Bank Pink Sheet (live download),Monthly,"LME aluminum spot price, standard grade"
2017-04-01,1921.22,USD per metric ton,World Bank Pink Sheet (live download),Monthly,"LME aluminum spot price, standard grade"
2017-05-01,1913.02,USD per metric ton,World Bank Pink Sheet (live download),Monthly,"LME aluminum spot price, standard grade"
2017-06-01,1885.29,USD per metric ton,World Bank Pink Sheet (live download),Monthly,"LME aluminum spot price, standard grade"
2017-07-01,1902.96,USD per metric ton,World Bank Pink Sheet (live download),Monthly,"LME aluminum spot price, standard grade"
2017-08-01,2030.01,USD per metric ton,World Bank Pink Sheet (live download),Monthly,"LME aluminum spot price, standard grade"
2017-09-01,2096.49,USD per metric ton,World Bank Pink Sheet (live download),Monthly,"LME aluminum spot price, standard grade"
2017-10-01,2131.49,USD per metric ton,World Bank Pink Sheet (live download),Monthly,"LME aluminum spot price, standard grade"
2017-11-01,2097.44,USD per metric ton,World Bank Pink Sheet (live download),Monthly,"LME aluminum spot price, standard grade"
2017-12-01,2080.47,USD per metric ton,World Bank Pink Sheet (live download),Monthly,"LME aluminum spot price, standard grade"
2018-01-01,2209.73,USD per metric ton,World Bank Pink Sheet (live download),Monthly,"LME aluminum spot price, standard grade"
2018-02-01,2181.79,USD per metric ton,World Bank Pink Sheet (live download),Monthly,"LME aluminum spot price, standard grade"
2018-03-01,2069.24,USD per metric ton,World Bank Pink Sheet (live download),Monthly,"LME aluminum spot price, standard grade"
2018-04-01,2254.69,USD per metric ton,World Bank Pink Sheet (live download),Monthly,"LME aluminum spot price, standard grade"
2018-05-01,2299.67,USD per metric ton,World Bank Pink Sheet (live download),Monthly,"LME aluminum spot price, standard grade"
2018-06-01,2237.62,USD per metric ton,World Bank Pink Sheet (live download),Monthly,"LME aluminum spot price, standard grade"
2018-07-01,2082.24,USD per metric ton,World Bank Pink Sheet (live download),Monthly,"LME aluminum spot price, standard grade"
2018-08-01,2051.51,USD per metric ton,World Bank Pink Sheet (live download),Monthly,"LME aluminum spot price, standard grade"
2018-09-01,2026.46,USD per metric ton,World Bank Pink Sheet (live download),Monthly,"LME aluminum spot price, standard grade"
2018-10-01,2029.86,USD per metric ton,World Bank Pink Sheet (live download),Monthly,"LME aluminum spot price, standard grade"
2018-11-01,1938.51,USD per metric ton,World Bank Pink Sheet (live download),Monthly,"LME aluminum spot price, standard grade"
2018-12-01,1920.38,USD per metric ton,World Bank Pink Sheet (live download),Monthly,"LME aluminum spot price, standard grade"
2019-01-01,1853.72,USD per metric ton,World Bank Pink Sheet (live download),Monthly,"LME aluminum spot price, standard grade"
2019-02-01,1862.99,USD per metric ton,World Bank Pink Sheet (live download),Monthly,"LME aluminum spot price, standard grade"
2019-03-01,1871.21,USD per metric ton,World Bank Pink Sheet (live download),Monthly,"LME aluminum spot price, standard grade"
2019-04-01,1845.42,USD per metric ton,World Bank Pink Sheet (live download),Monthly,"LME aluminum spot price, standard grade"
2019-05-01,1781.26,USD per metric ton,World Bank Pink Sheet (live download),Monthly,"LME aluminum spot price, standard grade"
2019-06-01,1755.95,USD per metric ton,World Bank Pink Sheet (live download),Monthly,"LME aluminum spot price, standard grade"
2019-07-01,1796.99,USD per metric ton,World Bank Pink Sheet (live download),Monthly,"LME aluminum spot price, standard grade"
2019-08-01,1740.68,USD per metric ton,World Bank Pink Sheet (live download),Monthly,"LME aluminum spot price, standard grade"
2019-09-01,1753.51,USD per metric ton,World Bank Pink Sheet (live download),Monthly,"LME aluminum spot price, standard grade"
2019-10-01,1725.96,USD per metric ton,World Bank Pink Sheet (live download),Monthly,"LME aluminum spot price, standard grade"
2019-11-01,1774.79,USD per metric ton,World Bank Pink Sheet (live download),Monthly,"LME aluminum spot price, standard grade"
2019-12-01,1771.38,USD per metric ton,World Bank Pink Sheet (live download),Monthly,"LME aluminum spot price, standard grade"
2020-01-01,1773.09,USD per metric ton,World Bank Pink Sheet (live download),Monthly,"LME aluminum spot price, standard grade"
2020-02-01,1688.1,USD per metric ton,World Bank Pink Sheet (live download),Monthly,"LME aluminum spot price, standard grade"
2020-03-01,1610.89,USD per metric ton,World Bank Pink Sheet (live download),Monthly,"LME aluminum spot price, standard grade"
2020-04-01,1459.93,USD per metric ton,World Bank Pink Sheet (live download),Monthly,"LME aluminum spot price, standard grade"
2020-05-01,1466.37,USD per metric ton,World Bank Pink Sheet (live download),Monthly,"LME aluminum spot price, standard grade"
2020-06-01,1568.57,USD per metric ton,World Bank Pink Sheet (live download),Monthly,"LME aluminum spot price, standard grade"
2020-07-01,1643.81,USD per metric ton,World Bank Pink Sheet (live download),Monthly,"LME aluminum spot price, standard grade"
2020-08-01,1737.26,USD per metric ton,World Bank Pink Sheet (live download),Monthly,"LME aluminum spot price, standard grade"
2020-09-01,1743.77,USD per metric ton,World Bank Pink Sheet (live download),Monthly,"LME aluminum spot price, standard grade"
2020-10-01,1806.1,USD per metric ton,World Bank Pink Sheet (live download),Monthly,"LME aluminum spot price, standard grade"
2020-11-01,1935.28,USD per metric ton,World Bank Pink Sheet (live download),Monthly,"LME aluminum spot price, standard grade"
2020-12-01,2014.67,USD per metric ton,World Bank Pink Sheet (live download),Monthly,"LME aluminum spot price, standard grade"
2021-01-01,2003.98,USD per metric ton,World Bank Pink Sheet (live download),Monthly,"LME aluminum spot price, standard grade"
2021-02-01,2078.59,USD per metric ton,World Bank Pink Sheet (live download),Monthly,"LME aluminum spot price, standard grade"
2021-03-01,2190.48,USD per metric ton,World Bank Pink Sheet (live download),Monthly,"LME aluminum spot price, standard grade"
2021-04-01,2319.39,USD per metric ton,World Bank Pink Sheet (live download),Monthly,"LME aluminum spot price, standard grade"
2021-05-01,2433.53,USD per metric ton,World Bank Pink Sheet (live download),Monthly,"LME aluminum spot price, standard grade"
2021-06-01,2446.65,USD per metric ton,World Bank Pink Sheet (live download),Monthly,"LME aluminum spot price, standard grade"
2021-07-01,2497.64,USD per metric ton,World Bank Pink Sheet (live download),Monthly,"LME aluminum spot price, standard grade"
2021-08-01,2602.99,USD per metric ton,World Bank Pink Sheet (live download),Monthly,"LME aluminum spot price, standard grade"
2021-09-01,2834.56,USD per metric ton,World Bank Pink Sheet (live download),Monthly,"LME aluminum spot price, standard grade"
2021-10-01,2934.39,USD per metric ton,World Bank Pink Sheet (live download),Monthly,"LME aluminum spot price, standard grade"
2021-11-01,2636.45,USD per metric ton,World Bank Pink Sheet (live download),Monthly,"LME aluminum spot price, standard grade"
2021-12-01,2695.53,USD per metric ton,World Bank Pink Sheet (live download),Monthly,"LME aluminum spot price, standard grade"
2022-01-01,3005.98,USD per metric ton,World Bank Pink Sheet (live download),Monthly,"LME aluminum spot price, standard grade"
2022-02-01,3245.79,USD per metric ton,World Bank Pink Sheet (live download),Monthly,"LME aluminum spot price, standard grade"
2022-03-01,3498.37,USD per metric ton,World Bank Pink Sheet (live download),Monthly,"LME aluminum spot price, standard grade"
2022-04-01,3244.41,USD per metric ton,World Bank Pink Sheet (live download),Monthly,"LME aluminum spot price, standard grade"
2022-05-01,2830.32,USD per metric ton,World Bank Pink Sheet (live download),Monthly,"LME aluminum spot price, standard grade"
2022-06-01,2563.44,USD per metric ton,World Bank Pink Sheet (live download),Monthly,"LME aluminum spot price, standard grade"
2022-07-01,2408.42,USD per metric ton,World Bank Pink Sheet (live download),Monthly,"LME aluminum spot price, standard grade"
2022-08-01,2430.79,USD per metric ton,World Bank Pink Sheet (live download),Monthly,"LME aluminum spot price, standard grade"
2022-09-01,2224.76,USD per metric ton,World Bank Pink Sheet (live download),Monthly,"LME aluminum spot price, standard grade"
2022-10-01,2255.54,USD per metric ton,World Bank Pink Sheet (live download),Monthly,"LME aluminum spot price, standard grade"
2022-11-01,2350.72,USD per metric ton,World Bank Pink Sheet (live download),Monthly,"LME aluminum spot price, standard grade"
2022-12-01,2401.69,USD per metric ton,World Bank Pink Sheet (live download),Monthly,"LME aluminum spot price, standard grade"
2023-01-01,2501.82,USD per metric ton,World Bank Pink Sheet (live download),Monthly,"LME aluminum spot price, standard grade"
2023-02-01,2416.18,USD per metric ton,World Bank Pink Sheet (live download),Monthly,"LME aluminum spot price, standard grade"
2023-03-01,2296.42,USD per metric ton,World Bank Pink Sheet (live download),Monthly,"LME aluminum spot price, standard grade"
2023-04-01,2343.23,USD per metric ton,World Bank Pink Sheet (live download),Monthly,"LME aluminum spot price, standard grade"
2023-05-01,2268.6,USD per metric ton,World Bank Pink Sheet (live download),Monthly,"LME aluminum spot price, standard grade"
2023-06-01,2184.75,USD per metric ton,World Bank Pink Sheet (live download),Monthly,"LME aluminum spot price, standard grade"
2023-07-01,2159.73,USD per metric ton,World Bank Pink Sheet (live download),Monthly,"LME aluminum spot price, standard grade"
2023-08-01,2136.57,USD per metric ton,World Bank Pink Sheet (live download),Monthly,"LME aluminum spot price, standard grade"
2023-09-01,2184.67,USD per metric ton,World Bank Pink Sheet (live download),Monthly,"LME aluminum spot price, standard grade"
2023-10-01,2192.21,USD per metric ton,World Bank Pink Sheet (live download),Monthly,"LME aluminum spot price, standard grade"
2023-11-01,2202.26,USD per metric ton,World Bank Pink Sheet (live download),Monthly,"LME aluminum spot price, standard grade"
2023-12-01,2182.43,USD per metric ton,World Bank Pink Sheet (live download),Monthly,"LME aluminum spot price, standard grade"
2024-01-01,2192.82,USD per metric ton,World Bank Pink Sheet (live download),Monthly,"LME aluminum spot price, standard grade"
2024-02-01,2179.46,USD per metric ton,World Bank Pink Sheet (live download),Monthly,"LME aluminum spot price, standard grade"
2024-03-01,2226.16,USD per metric ton,World Bank Pink Sheet (live download),Monthly,"LME aluminum spot price, standard grade"
2024-04-01,2506.1,USD per metric ton,World Bank Pink Sheet (live download),Monthly,"LME aluminum spot price, standard grade"
2024-05-01,2564.54,USD per metric ton,World Bank Pink Sheet (live download),Monthly,"LME aluminum spot price, standard grade"
2024-06-01,2497.61,USD per metric ton,World Bank Pink Sheet (live download),Monthly,"LME aluminum spot price, standard grade"
2024-07-01,2349.13,USD per metric ton,World Bank Pink Sheet (live download),Monthly,"LME aluminum spot price, standard grade"
2024-08-01,2343.67,USD per metric ton,World Bank Pink Sheet (live download),Monthly,"LME aluminum spot price, standard grade"
2024-09-01,2449.92,USD per metric ton,World Bank Pink Sheet (live download),Monthly,"LME aluminum spot price, standard grade"
2024-10-01,2595.58,USD per metric ton,World Bank Pink Sheet (live download),Monthly,"LME aluminum spot price, standard grade"
2024-11-01,2582.19,USD per metric ton,World Bank Pink Sheet (live download),Monthly,"LME aluminum spot price, standard grade"
2024-12-01,2541.02,USD per metric ton,World Bank Pink Sheet (live download),Monthly,"LME aluminum spot price, standard grade"
2025-01-01,2573.4,USD per metric ton,World Bank Pink Sheet (live download),Monthly,"LME aluminum spot price, standard grade"
2025-02-01,2657.6,USD per metric ton,World Bank Pink Sheet (live download),Monthly,"LME aluminum spot price, standard grade"
2025-03-01,2658.29,USD per metric ton,World Bank Pink Sheet (live download),Monthly,"LME aluminum spot price, standard grade"
2025-04-01,2371.6,USD per metric ton,World Bank Pink Sheet (live download),Monthly,"LME aluminum spot price, standard grade"
2025-05-01,2448.79,USD per metric ton,World Bank Pink Sheet (live download),Monthly,"LME aluminum spot price, standard grade"
2025-06-01,2525.96,USD per metric ton,World Bank Pink Sheet (live download),Monthly,"LME aluminum spot price, standard grade"
2025-07-01,2606.37,USD per metric ton,World Bank Pink Sheet (live download),Monthly,"LME aluminum spot price, standard grade"
2025-08-01,2597.34,USD per metric ton,World Bank Pink Sheet (live download),Monthly,"LME aluminum spot price, standard grade"
2025-09-01,2653.32,USD per metric ton,World Bank Pink Sheet (live download),Monthly,"LME aluminum spot price, standard grade"
2025-10-01,2793.09,USD per metric ton,World Bank Pink Sheet (live download),Monthly,"LME aluminum spot price, standard grade"
2025-11-01,2819.06,USD per metric ton,World Bank Pink Sheet (live download),Monthly,"LME aluminum spot price, standard grade"
2025-12-01,2875.53,USD per metric ton,World Bank Pink Sheet (live download),Monthly,"LME aluminum spot price, standard grade"
